DONOR_ID,SAMPLE_ID,LIBRARY_LAYOUT,DISEASE,TISSUE_TYPE,FILE,SAMPLE,READ,REP
T15_12,ERS1030071,PAIRED,None,tonsil,HF5T2BGXX_lane1_8121_TAAGGCGA_L001_R1.fastq.gz,1,R1,0
T15_12,ERS1030071,PAIRED,None,tonsil,HF5T2BGXX_lane1_8121_TAAGGCGA_L001_R2.fastq.gz,1,R2,0
T15_12,ERS1030072,PAIRED,None,tonsil,HF5T2BGXX_lane1_8122_TAGGCATG_L001_R1.fastq.gz,2,R1,0
T15_12,ERS1030072,PAIRED,None,tonsil,HF5T2BGXX_lane1_8122_TAGGCATG_L001_R2.fastq.gz,2,R2,0
T15_12,ERS1030074,PAIRED,None,tonsil,HF5T2BGXX_lane1_8123_GGACTCCT_L001_R1.fastq.gz,3,R1,0
T15_12,ERS1030074,PAIRED,None,tonsil,HF5T2BGXX_lane1_8123_GGACTCCT_L001_R2.fastq.gz,3,R2,0
T15_18,ERS1052398,PAIRED,None,tonsil,HNFWNBGXX_lane1_9851_TAAGGCGA_L001_R1.fastq.gz,4,R1,0
T15_18,ERS1052398,PAIRED,None,tonsil,HNFWNBGXX_lane1_9851_TAAGGCGA_L001_R2.fastq.gz,4,R2,0
T15_18,ERS1052399,PAIRED,None,tonsil,HNFWNBGXX_lane1_9852_CGTACTAG_L001_R1.fastq.gz,5,R1,0
T15_18,ERS1052399,PAIRED,None,tonsil,HNFWNBGXX_lane1_9852_CGTACTAG_L001_R2.fastq.gz,5,R2,0
T15_18,ERS1052400,PAIRED,None,tonsil,HNFWNBGXX_lane1_9853_TCCTGAGC_L001_R1.fastq.gz,6,R1,0
T15_18,ERS1052400,PAIRED,None,tonsil,HNFWNBGXX_lane1_9853_TCCTGAGC_L001_R2.fastq.gz,6,R2,0
T15_20,ERS1052401,PAIRED,None,tonsil,HNFWNBGXX_lane1_9854_TAGGCATG_L001_R1.fastq.gz,7,R1,0
T15_20,ERS1052401,PAIRED,None,tonsil,HNFWNBGXX_lane1_9854_TAGGCATG_L001_R2.fastq.gz,7,R2,0
